{"bowlersEconomyRate2015":{"Shivam Sharma":2.588235294117647,"KC Cariappa":2.5454545454545454,"JD Unadkat":2.3076923076923075,"SN Thakur":2.1666666666666665,"PP Ojha":2.090909090909091,"Azhar Mahmood":2.05,"S Gopal":1.9166666666666667,"AB Dinda":1.9090909090909092,"JJ Bumrah":1.8775510204081634,"I Sharma":1.8295454545454546}}